110149,76235,3,-1
20456,27337,4,-1
134117,2323,5,-1
40064,33020,4,-1
21301,74534,4,-1
92502,36652,4,-1
64035,291,4,-1
111475,25884,4,-1
136776,79475,3,-1
92501,44546,2,-1
123460,20643,4,-1
30266,204922,2,-1
53383,31665,2,-1
57745,13,3,-1
123455,41153,5,-1
11508,3089,3,-1
36808,15393,2,-1
4963,299104,4,-1
12833,174325,4,-1
127818,81219,4,-1
39065,6022,4,-1
23979,128129,3,-1
134123,11986,4,-1
112311,32030,4,-1
18145,109886,4,-1
17298,23082,2,-1
115826,136558,2,-1
10668,85821,4,-1
80993,346,4,-1
54243,9910,5,-1
127804,15822,4,-1
114980,25913,3,-1
80996,61401,4,-1
76017,87204,3,-1
11994,258126,3,-1
59939,786,4,-1
43556,les+mis%C3%A9rables+1998,5,-1
43551,24128,4,-1
40044,139406,3,-1
17265,19444,3,-1
126950,922,3,-1
60928,32868,3,-1
114966,1987,4,-1
52073,230846,4,-1
30243,14942,4,-1
133290,24266,4,-1
3659,22596,3,-1
72920,21967,3,-1
17274,h%C3%A4xan+1922,3,-1
135479,45967,3,-1
112773,655,4,-1
80526,78399,3,-1
17272,26405,4,-1
77362,28090,3,-1
125605,16664,3,-1
76035,149101,3,-1
29258,42914,3,-1
79548,9910,2,-1
54267,16150,4,-1
100322,34187,4,-1
4513,15570,4,-1
35925,5145,4,-1
132376,28053,4,-1
18577,65044,3,-1
70755,33870,5,-1
66254,9310,1,-1
89370,49026,5,-1
113696,11831,4,-1
29229,34193,3,-1
79570,14672,3,-1
43536,56152,3,-1
55123,32569,3,-1
57304,37463,4,-1
58630,55465,3,-1
81894,120467,5,-1
54279,9323,4,-1
99171,919,4,-1
104733,44864,3,-1
88049,113321,4,-1
103886,674,5,-1
104732,9652,4,-1
64072,11839,5,-1
15076,smoking+%2F+no+smoking+1993,4,-1
40493,242,4,-1
135898,675,4,-1
113206,198460,2,-1
18589,406,5,-1
113205,12621,4,-1
3691,49258,2,-1
92530,12+o%E2%80%99clock+boys+2013,4,-1
91683,24128,4,-1
87180,emma+1996,4,-1
67118,9611,4,-1
69778,moli%C3%A8re+1978,5,-1
126521,37079,3,-1
99169,79306,4,-1
127850,73881,3,-1
60959,16857,5,-1
116714,15725,5,-1
136749,76198,4,-1
60956,247691,4,-1
79561,36964,4,-1
80553,13891,3,-1
59976,67079,4,-1
126513,87060,4,-1
61808,20862,5,-1
124334,34944,5,-1
1023,62825,3,-1
31549,15362,5,-1
604,7346,3,-1
33725,22911,4,-1
113691,55687,4,-1
87189,120528,5,-1
126519,198001,4,-1
4550,72711,4,-1
40003,282009,3,-1
19883,46067,3,-1
111013,43039,3,-1
40000,57812,3,-1
27029,24123,3,-1
1042,25875,4,-1
40489,21202,4,-1
76082,young+t%C3%B6rless+1966,4,-1
43997,84178,2,-1
44847,62,5,-1
127838,162755,4,-1
3217,9619,4,-1
30686,51371,3,-1
31533,420743,4,-1
55143,10433,3,-1
3212,568,4,-1
8901,zat%C3%B4ichi+and+the+chest+of+gold+1964,4,-1
113200,9678,2,-1
19409,27625,3,-1
102533,91356,3,-1
70769,1891,4,-1
104716,96529,4,-1
102538,10930,4,-1
64096,48408,4,-1
68467,629,4,-1
38151,13996,2,-1
40472,10863,4,-1
38153,31165,4,-1
137616,41504,5,-1
71634,82549,3,-1
72962,180894,4,-1
103881,31094,4,-1
134585,130633,3,-1
135432,10427,4,-1
92556,231763,2,-1
113663,126376,3,-1
5411,38291,4,-1
1053,33688,4,-1
126980,1904,3,-1
78251,51675,4,-1
42655,41272,4,-1
20405,26431,4,-1
43503,14756,4,-1
111009,111459,2,-1
44836,7461,3,-1
20886,47554,2,-1
99185,14279,4,-1
126975,29049,3,-1
5401,11876,3,-1
89389,19382,3,-1
19415,8012,3,-1
24417,15451,4,-1
102121,251281,2,-1
113259,24453,5,-1
128751,261538,3,-1
106960,87415,4,-1
125244,115150,4,-1
3243,813,4,-1
24412,28519,4,-1
118944,11587,3,-1
72052,85876,4,-1
35553,52480,4,-1
111088,27864,5,-1
87553,215830,4,-1
53788,31131,4,-1
87554,531,5,-1
52457,14202,4,-1
83194,73936,3,-1
12434,4825,4,-1
56814,389854,4,-1
104792,69974,3,-1
26606,18809,5,-1
64441,3064,2,-1
101284,49343,3,-1
66623,7326,4,-1
43165,5227,2,-1
64445,1269,3,-1
1077,230846,3,-1
19074,54580,5,-1
126563,18968,3,-1
124384,31122,4,-1
131937,51985,3,-1
118939,96713,3,-1
27933,93519,3,-1
90708,117678,4,-1
50286,46845,3,-1
86217,10938,5,-1
3246,59917,3,-1
15953,230836,3,-1
79923,22774,4,-1
77748,3014,3,-1
104303,84972,4,-1
6758,2690,2,-1
107815,workers+leaving+the+lumi%C3%A8re+factory+1895,4,-1
79929,56771,3,-1
13777,12713,4,-1
48846,53410,3,-1
65780,215993,4,-1
22218,169310,2,-1
63120,9964,3,-1
47514,89823,3,-1
116744,14308,5,-1
99554,35022,3,-1
118927,2694,3,-1
96042,29150,3,-1
72073,93114,4,-1
124370,10557,4,-1
34205,926,4,-1
78620,21596,4,-1
114572,86555,3,-1
116751,8545,4,-1
76443,42989,4,-1
87579,108923,4,-1
88427,59,4,-1
112397,901,5,-1
113242,121703,3,-1
113240,13199,3,-1
10237,14812,4,-1
36867,1392,3,-1
92916,2118,4,-1
113224,50183,4,-1
62289,5595,4,-1
65797,70670,3,-1
114554,5155,3,-1
99543,64973,3,-1
115887,63260,3,-1
131954,45803,3,-1
98698,9297,3,-1
47509,58151,3,-1
15939,158959,3,-1
55992,167938,3,-1
35525,58435,4,-1
52481,12186,3,-1
76431,111794,3,-1
124355,76237,4,-1
54663,3059,4,-1
8957,31362,3,-1
101256,73500,3,-1
32018,37557,4,-1
9805,100270,4,-1
102109,12179,3,-1
13755,18112,4,-1
65321,70498,5,-1
105676,20874,5,-1
128797,85556,3,-1
10691,53651,3,-1
63148,29150,3,-1
67988,37438,5,-1
72096,193756,5,-1
21349,11384,3,-1
51160,95177,3,-1
81804,13203,2,-1
23525,38714,3,-1
97391,51452,3,-1
35999,202973,4,-1
52493,2266,3,-1
54676,60306,3,-1
115488,4203,2,-1
104337,245909,5,-1
45790,114790,3,-1
102157,42725,4,-1
92939,308571,4,-1
6307,152790,3,-1
15901,203833,4,-1
64470,15696,4,-1
84087,1280,3,-1
57706,119450,2,-1
23537,43176,4,-1
66663,14922,3,-1
48811,2043,3,-1
135015,19433,4,-1
47963,kuningasj%C3%A4tk%C3%A4+1998,4,-1
134168,98851,4,-1
9830,4964,4,-1
42276,44103,4,-1
30292,10598,2,-1
24867,51357,4,-1
30298,80389,4,-1
77786,259018,3,-1
77303,40797,4,-1
35982,97367,4,-1
55532,103590,4,-1
51178,166085,4,-1
129625,201703,4,-1
86258,252143,3,-1
8977,77514,5,-1
120810,29515,3,-1
35989,80597,3,-1
18159,11015,3,-1
137209,36226,2,-1
19484,42689,4,-1
23509,19809,3,-1
6335,3171,3,-1
103475,125164,4,-1
117635,lumi%C3%A8re+and+company+1995,4,-1
126113,281468,3,-1
114126,37567,4,-1
114127,10482,3,-1
69709,22004,3,-1
29287,256396,3,-1
57723,64519,3,-1
33795,51352,5,-1
78665,59058,5,-1
127437,189364,4,-1
78668,81167,2,-1
106978,239573,3,-1
53369,97995,4,-1
113286,73624,5,-1
120806,68718,3,-1
106979,72766,3,-1
65354,24164,4,-1
136368,14710,3,-1
21331,15718,4,-1
106510,53574,3,-1
135038,291,5,-1
18167,158828,3,-1
116776,27983,5,-1
81817,44691,4,-1
80966,13938,3,-1
81812,53457,5,-1
21337,50775,4,-1
75150,11902,3,-1
127428,11830,5,-1
116302,14521,4,-1
103478,118446,3,-1
5489,289153,3,-1
56409,17382,3,-1
87120,655,4,-1
73302,105371,4,-1
138041,172631,2,-1
82267,38687,3,-1
80082,278,4,-1
105589,14710,4,-1
14580,13558,4,-1
94236,38846,4,-1
7211,125742,4,-1
4187,1643,4,-1
131412,2152,4,-1
4188,54690,4,-1
8544,26158,4,-1
92050,248774,3,-1
23057,23683,3,-1
116237,2280,4,-1
95563,12112,5,-1
58167,80122,3,-1
125197,89708,4,-1
86608,52758,4,-1
4181,108012,3,-1
125195,22616,3,-1
26560,13490,2,-1
116247,72123,3,-1
25233,1857,4,-1
119754,8008,3,-1
83588,25848,3,-1
84430,45336,4,-1
47485,125099,4,-1
18946,74126,4,-1
16766,85963,4,-1
60000,47870,5,-1
48332,93934,3,-1
80070,50392,3,-1
51536,253254,4,-1
128692,129,4,-1
75507,40599,3,-1
130573,3085,4,-1
133601,60141,4,-1
28719,102807,3,-1
37672,47578,4,-1
15881,33095,4,-1
46145,52560,3,-1
8555,2926,4,-1
58176,32866,4,-1
70297,67884,5,-1
34163,25376,5,-1
125187,13377,5,-1
95591,28874,4,-1
25205,15705,4,-1
126031,9050,4,-1
5040,401,3,-1
25683,30416,4,-1
52871,33015,4,-1
128689,124167,4,-1
102058,261820,4,-1
37677,87894,2,-1
106414,321594,4,-1
36348,2011,4,-1
52878,n%C3%B6madak+tx+2006,4,-1
106419,22556,4,-1
15405,38199,4,-1
15888,11707,3,-1
76829,149961,4,-1
95108,3064,3,-1
55908,185567,3,-1
105581,58435,3,-1
62681,58764,3,-1
72489,388046,3,-1
131435,24646,5,-1
95103,178469,3,-1
6388,35217,4,-1
107766,26336,4,-1
73336,47018,4,-1
99943,64534,3,-1
27875,202495,5,-1
84458,4966,4,-1
127347,3520,4,-1
75984,64481,4,-1
75987,43471,4,-1
55915,48504,4,-1
49639,75595,3,-1
108666,56156,4,-1
75528,31243,3,-1
62693,25784,3,-1
109994,10115,3,-1
97317,48161,3,-1
74675,28067,2,-1
97312,26748,4,-1
5060,86303,3,-1
59040,41967,4,-1
62219,1574,4,-1
86668,76198,3,-1
52411,4192,3,-1
23483,62206,4,-1
83154,20529,4,-1
43094,10149,4,-1
50237,65646,4,-1
53743,91018,4,-1
83152,67753,3,-1
105165,284785,4,-1
9433,69315,4,-1
110972,26475,3,-1
105169,86455,3,-1
96456,598,4,-1
99968,233805,4,-1
7256,14626,4,-1
37640,47837,4,-1
61376,27735,3,-1
73356,%C3%BCvegtigris+2001,4,-1
40810,2438,4,-1
73355,2979,4,-1
111827,42564,4,-1
129590,42521,4,-1
128260,42234,4,-1
131859,37637,3,-1
67916,28424,3,-1
129593,170094,3,-1
122954,72834,4,-1
118466,14061,3,-1
123808,36405,3,-1
7249,11162,5,-1
84473,13320,4,-1
10189,87415,3,-1
129109,253077,5,-1
43085,13169,5,-1
37644,76203,5,-1
60040,25248,3,-1
49617,6529,2,-1
27827,7555,4,-1
110962,130739,5,-1
63561,9840,4,-1
48766,94638,4,-1
96485,280,2,-1
131865,574,4,-1
95153,20122,4,-1
119301,33582,4,-1
35457,309503,4,-1
77731,46849,4,-1
86205,335340,3,-1
120761,14097,4,-1
24792,25248,5,-1
105129,252,4,-1
84025,45745,3,-1
2807,13180,4,-1
51109,1559,3,-1
116271,745,4,-1
108654,240594,3,-1
48753,29845,5,-1
33262,23928,3,-1
64424,30140,3,-1
117109,106016,4,-1
99501,44524,5,-1
131876,82269,5,-1
104292,9497,4,-1
34590,5155,4,-1
126063,86282,4,-1
11019,45256,3,-1
33266,28216,5,-1
11495,23253,2,-1
21293,11336,4,-1
38954,70008,3,-1
73704,m%C3%A9nage+1986,2,-1
131486,21469,3,-1
71525,10474,4,-1
129167,17382,4,-1
89295,9685,3,-1
8133,121895,2,-1
73701,41349,4,-1
71520,44708,3,-1
134995,216,4,-1
72851,46007,4,-1
69209,81857,2,-1
90281,891,4,-1
21702,55069,5,-1
83508,40623,3,-1
99096,2042,3,-1
118035,8095,4,-1
81336,67699,4,-1
29661,15313,4,-1
27482,1697,3,-1
58553,survive+style+5%2B+2004,4,-1
14184,67794,3,-1
51927,147,3,-1
68365,193878,3,-1
91125,243860,4,-1
95964,85836,4,-1
108231,black+white+%2B+gray%3A+a+portrait+of+sam+wagstaff+and+robert+mapplethorpe+2007,4,-1
112714,14662,4,-1
83503,1976,4,-1
82655,13187,4,-1
29671,14120,4,-1
59895,30443,3,-1
1982,71325,5,-1
58567,37185,5,-1
51931,18072,4,-1
122999,177572,5,-1
19877,7504,4,-1
1989,166,3,-1
50603,4880,4,-1
20830,43981,4,-1
133688,29717,4,-1
50608,49012,4,-1
108206,123277,3,-1
109530,80031,3,-1
72874,96888,3,-1
110520,11174,3,-1
40440,51787,3,-1
43957,50075,4,-1
42627,18074,4,-1
41776,9794,3,-1
27468,173171,3,-1
61743,13976,4,-1
110527,293205,4,-1
134538,8942,5,-1
105172,624,4,-1
129140,2998,3,-1
55062,114524,4,-1
82689,58447,4,-1
81351,48693,3,-1
18519,15807,5,-1
47074,34064,3,-1
133699,42323,4,-1
128286,22908,4,-1
109546,30863,4,-1
71556,12235,4,-1
17675,28500,4,-1
132363,39839,3,-1
70227,305091,3,-1
8166,9281,4,-1
133210,the+naked+gun+33%E2%85%93%3A+the+final+insult+1994,4,-1
96832,52608,4,-1
80009,24229,4,-1
58584,180894,2,-1
55075,d%C3%A9sir%C3%A9+1993,4,-1
8162,10394,2,-1
121642,288168,4,-1
117156,140456,3,-1
120798,832,4,-1
55077,black+rain+1989,4,-1
121640,239,5,-1
38599,13948,2,-1
30639,8016,4,-1
31964,94623,3,-1
17678,129,4,-1
32813,28973,3,-1
16791,9869,3,-1
17641,30892,3,-1
133624,59881,4,-1
14134,83233,4,-1
73741,60375,3,-1
114940,21900,4,-1
63943,133783,4,-1
25269,27093,4,-1
43931,231474,4,-1
92021,200863,4,-1
109590,125946,4,-1
9020,47324,4,-1
63938,42729,4,-1
124744,57337,2,-1
122564,19035,5,-1
26112,31047,4,-1
38588,32934,2,-1
16316,31010,3,-1
95529,37698,4,-1
70229,68029,4,-1
16319,60243,4,-1
51965,567,4,-1
68394,295689,2,-1
73758,22596,3,-1
96857,170,4,-1
112756,129966,5,-1
91168,4786,4,-1
15470,12901,3,-1
70244,843,4,-1
100790,36498,4,-1
13298,31411,4,-1
72424,33386,2,-1
97702,29237,4,-1
71572,23724,4,-1
91160,43980,3,-1
73750,70862,4,-1
121230,170657,3,-1
78198,9609,4,-1
102969,24392,3,-1
80035,127901,3,-1
103817,28030,4,-1
121226,13853,3,-1
82212,10236,3,-1
60442,73283,4,-1
52821,34106,5,-1
49222,31592,4,-1
51972,2057,2,-1
84872,476,5,-1
119390,53857,4,-1
119393,29649,3,-1
102967,96821,4,-1
13261,75250,3,-1
39892,10625,4,-1
71585,the+disappeared+2008,3,-1
95556,4497,5,-1
28757,4593,4,-1
91190,303,3,-1
93375,167726,4,-1
57280,19197,4,-1
91196,22200,4,-1
133649,8216,2,-1
135827,16138,5,-1
122547,38720,4,-1
81399,1779,3,-1
49697,140481,4,-1
81393,15144,3,-1
67088,5125,3,-1
97727,42536,3,-1
133651,17347,4,-1
62640,55584,3,-1
94217,19254,5,-1
34198,293412,3,-1
94690,37922,3,-1
94695,s%C3%A4llskapsresan+-+eller+finns+det+svenskt+kaffe+p%C3%A5+grisfesten%3F+1980,3,-1
9052,10009,2,-1
94692,86685,2,-1
43901,111960,3,-1
123864,129942,5,-1
118044,1831,3,-1
67091,67493,4,-1
84413,11119,3,-1
47022,31913,4,-1
60460,41678,4,-1
51515,17264,4,-1
121206,55177,3,-1
67664,10536,4,-1
52171,40214,4,-1
55681,57400,3,-1
46728,288295,2,-1
32566,9528,4,-1
58711,14154,3,-1
75281,99480,3,-1
124668,96175,3,-1
55205,26763,5,-1
56530,115553,3,-1
88128,57059,3,-1
112693,9684,3,-1
91767,33,5,-1
134485,1092,4,-1
10771,4271,3,-1
36921,20540,4,-1
87274,159095,2,-1
93949,2654,4,-1
22767,20305,4,-1
23617,47194,3,-1
18263,39386,4,-1
18264,4566,5,-1
111343,67756,3,-1
80627,155055,4,-1
2441,288117,4,-1
108196,21900,3,-1
19590,17027,4,-1
121147,125317,4,-1
82812,12716,5,-1
11631,100975,4,-1
29392,42996,4,-1
101559,205818,4,-1
88142,4918,4,-1
17389,329,3,-1
93970,37673,4,-1
94824,108213,4,-1
94821,20283,4,-1
20558,10319,3,-1
4628,23638,4,-1
103705,48214,4,-1
57404,500,4,-1
56558,4140,4,-1
122464,60035,4,-1
122463,244563,4,-1
1596,10818,4,-1
97092,11558,4,-1
33870,212756,3,-1
91308,33391,3,-1
134021,127540,3,-1
3775,127560,3,-1
87298,62491,4,-1
3777,17808,3,-1
31699,38140,5,-1
94819,11349,4,-1
110478,108,3,-1
110475,264241,4,-1
21892,56778,2,-1
65038,80844,4,-1
113982,163,3,-1
80648,4191,4,-1
57891,80278,4,-1
9093,17106,4,-1
122456,110548,4,-1
1126,11000,4,-1
77003,116762,4,-1
3302,15554,3,-1
56563,12650,4,-1
56564,85449,3,-1
3301,42816,4,-1
57896,8461,4,-1
80653,130272,4,-1
32539,46187,5,-1
91778,807,4,-1
12942,11604,4,-1
136690,18394,5,-1
94808,69299,4,-1
126816,12312,3,-1
70876,100,3,-1
22717,17495,4,-1
18693,11911,3,-1
111398,11889,3,-1
18210,11917,4,-1
15188,30244,4,-1
69888,9542,3,-1
28019,11444,4,-1
127742,177566,3,-1
3321,11986,2,-1
123386,6537,3,-1
114424,880,4,-1
57425,15102,4,-1
78367,38438,4,-1
2469,11928,4,-1
28493,173912,4,-1
124227,30060,4,-1
83713,99324,4,-1
117940,47692,5,-1
30340,23574,4,-1
135770,248888,4,-1
93506,48011,4,-1
101588,73517,4,-1
34705,56188,3,-1
6825,23128,4,-1
31679,41889,3,-1
89000,132506,3,-1
71735,87060,4,-1
44975,39946,4,-1
73910,34647,4,-1
135774,90816,3,-1
19551,19727,3,-1
105961,46886,5,-1
22728,14551,3,-1
136623,83505,4,-1
114895,278,4,-1
56104,33738,4,-1
53075,81296,4,-1
2475,60438,4,-1
33848,262543,4,-1
6835,140783,4,-1
101117,13185,2,-1
68561,50646,5,-1
66381,8392,4,-1
40120,5062,4,-1
71742,36132,4,-1
40121,72083,3,-1
15165,160660,2,-1
10708,13507,4,-1
21848,9504,4,-1
29327,370264,4,-1
1161,55317,3,-1
82404,28942,4,-1
27140,994,5,-1
79235,64736,3,-1
31653,29080,3,-1
2489,29383,3,-1
1157,48303,4,-1
57445,4939,4,-1
66390,29266,4,-1
135794,47952,4,-1
6846,155055,4,-1
33836,2897,4,-1
6849,106622,3,-1
100238,64780,4,-1
127719,31906,4,-1
70423,25706,3,-1
70426,34651,4,-1
71754,100493,3,-1
132286,208869,3,-1
22704,256593,4,-1
90496,4485,3,-1
136648,am%C3%A9lie+2001,4,-1
41445,41210,5,-1
20525,la+soufri%C3%A8re+1977,4,-1
79221,90807,3,-1
78374,nicht+alle+waren+m%C3%B6rder+2006,4,-1
81539,73884,4,-1
33821,2134,3,-1
81545,43802,4,-1
31643,43884,3,-1
127704,127878,5,-1
3347,10608,3,-1
58300,28966,4,-1
4675,20348,4,-1
39129,sal%C3%B2_+or+the+120+days+of+sodom+1975,4,-1
96148,25868,3,-1
104663,20778,5,-1
98329,14226,3,-1
75205,52748,3,-1
112288,11159,4,-1
96146,18056,3,-1
48509,42363,4,-1
124270,14430,4,-1
24537,3031,2,-1
95292,211579,4,-1
115323,2657,2,-1
50397,8326,1,-1
100298,55236,3,-1
55604,65889,4,-1
101148,92,4,-1
55609,22238,3,-1
134083,174326,4,-1
84164,86410,4,-1
7717,110650,5,-1
106852,125103,4,-1
63236,90603,4,-1
32152,186845,4,-1
75213,26451,4,-1
122088,12219,5,-1
114459,25553,4,-1
26723,86705,4,-1
19192,119634,3,-1
126438,17622,4,-1
78710,1654,5,-1
127768,51321,3,-1
52587,20722,4,-1
129943,98864,4,-1
43282,m%C3%A1g+1988,4,-1
104668,46853,4,-1
6879,132641,3,-1
66752,4561,3,-1
118802,33409,4,-1
74378,26593,3,-1
124255,144114,4,-1
114446,15776,3,-1
115779,119844,4,-1
23666,1919,4,-1
131826,160254,5,-1
125580,11309,4,-1
34327,18851,4,-1
770,11788,4,-1
53441,54793,3,-1
13868,91911,4,-1
35654,149645,4,-1
54776,90125,4,-1
117963,113784,3,-1
88546,27349,4,-1
9914,25649,4,-1
14710,149870,5,-1
110093,50704,4,-1
37834,12093,5,-1
88540,31674,3,-1
57804,43310,3,-1
7750,41264,4,-1
21014,141489,4,-1
48951,13776,4,-1
46772,231474,3,-1
6423,les+mis%C3%A9rables%3A+10th+anniversary+concert+at+the+royal+albert+hall+1995,3,-1
98339,18302,5,-1
20163,105077,2,-1
130982,84199,4,-1
25851,9534,4,-1
96156,31921,4,-1
68947,140818,4,-1
3393,33501,3,-1
68949,79042,4,-1
781,91311,5,-1
34315,30959,4,-1
12549,38849,3,-1
37829,24128,3,-1
2059,244761,3,-1
32132,87496,4,-1
77404,38670,4,-1
10363,15058,4,-1
84176,71370,4,-1
57818,11572,4,-1
113594,79,4,-1
11211,9748,4,-1
61075,26655,3,-1
104649,288284,3,-1
112260,98205,3,-1
61072,22985,5,-1
19148,17906,4,-1
105550,24105,4,-1
86381,10958,3,-1
101192,204668,5,-1
106881,42825,3,-1
22318,71591,3,-1
67623,10655,4,-1
103374,160989,4,-1
136213,87799,3,-1
8612,330152,3,-1
6434,71809,3,-1
136215,20546,3,-1
18292,11365,4,-1
33450,18872,3,-1
73069,17631,4,-1
119716,34014,4,-1
114027,12449,4,-1
126497,234567,3,-1
126494,22913,3,-1
48948,11031,3,-1
31276,55847,4,-1
51289,17990,4,-1
8604,77936,5,-1
93903,100594,2,-1
43250,4025,4,-1
91724,47931,5,-1
33459,36215,4,-1
20147,86261,4,-1
84193,113947,4,-1
93900,1482,3,-1
67632,2998,4,-1
138402,8340,4,-1
113168,j%C3%B6nssonligan+spelar+h%C3%B6gt+2000,4,-1
116677,64568,3,-1
117524,42571,3,-1
75257,790,3,-1
126486,29452,3,-1
99689,28769,3,-1
22322,77016,3,-1
119706,37631,3,-1
96171,29262,3,-1
99680,humanit%C3%A9+1999,5,-1
130928,120357,4,-1
87251,261825,3,-1
25806,149940,3,-1
138418,29452,4,-1
128654,27521,4,-1
45411,19662,4,-1
16091,35862,4,-1
33435,34314,4,-1
54332,17238,4,-1
73080,106020,3,-1
127318,75964,4,-1
33431,256591,5,-1
10319,4486,4,-1
80620,120212,3,-1
93924,t%C3%A4%C3%A4ll%C3%A4+pohjant%C3%A4hden+alla+ii+2010,4,-1
104677,29268,3,-1
8625,8337,4,-1
5119,56386,4,-1
102018,55135,3,-1
105527,15570,3,-1
107706,82696,4,-1
48911,11687,4,-1
41041,17350,3,-1
25816,38670,4,-1
65477,11928,4,-1
105541,30873,4,-1
112299,25855,4,-1
18283,50%2F50+2011,4,-1
48919,55955,3,-1
52161,192588,4,-1
54343,124429,4,-1
52163,23160,5,-1
13839,125764,3,-1
88577,81981,4,-1
87243,2270,4,-1
137581,43199,3,-1
128594,55859,5,-1
105471,18871,5,-1
104140,87093,4,-1
74757,11093,4,-1
53818,44878,4,-1
125081,48289,2,-1
95698,44516,3,-1
73423,104310,5,-1
39995,11028,5,-1
11185,21385,4,-1
27524,161602,3,-1
56099,147778,3,-1
27526,274669,4,-1
92185,35056,3,-1
41827,42359,3,-1
81056,38687,5,-1
27521,94123,5,-1
47131,41801,4,-1
128109,1394,4,-1
50316,14534,3,-1
122801,28644,4,-1
127250,140441,4,-1
108512,14583,4,-1
7332,24736,5,-1
49304,129139,2,-1
95688,28007,4,-1
39983,45595,4,-1
134808,36261,4,-1
133956,570,3,-1
28868,9812,4,-1
81049,39946,4,-1
23170,1398,4,-1
113091,11031,4,-1
118787,233063,4,-1
52500,62131,3,-1
137085,32194,3,-1
8673,47848,4,-1
14672,5781,3,-1
97897,11447,5,-1
9522,63581,5,-1
59143,33788,3,-1
97896,180147,5,-1
64976,217038,4,-1
27504,63943,5,-1
27988,102081,4,-1
127240,246648,3,-1
86768,126560,4,-1
104118,15855,4,-1
109802,9342,3,-1
44082,173672,3,-1
97886,686,3,-1
96556,62037,4,-1
133972,5854,4,-1
24486,26899,4,-1
35120,19542,4,-1
63658,ma+m%C3%A8re+2004,5,-1
92198,53772,2,-1
7350,297265,3,-1
88929,153118,3,-1
17719,9335,3,-1
11177,45615,3,-1
54703,45136,3,-1
9528,30068,3,-1
77802,114246,3,-1
113076,12220,3,-1
121921,15049,3,-1
37307,32634,4,-1
110864,9280,4,-1
130870,38742,4,-1
129001,8677,4,-1
107695,111949,3,-1
99616,139930,3,-1
24453,67062,4,-1
65843,23189,4,-1
95255,84171,4,-1
131723,68170,4,-1
111714,34283,4,-1
35117,19155,4,-1
54710,49571,5,-1
88968,19545,3,-1
89813,43437,3,-1
120661,17131,4,-1
53867,15867,4,-1
86300,15083,4,-1
20090,10083,3,-1
84120,43390,3,-1
101900,33278,4,-1
49749,73091,4,-1
93069,s%C3%A9raphine+2008,4,-1
49747,59572,4,-1
128145,630,4,-1
5198,99351,3,-1
109882,96495,3,-1
105048,14257,4,-1
62341,155288,4,-1
96579,19760,2,-1
118338,80960,3,-1
22288,101791,3,-1
35582,19898,4,-1
117009,586,2,-1
96576,964,5,-1
133918,72197,4,-1
24469,53230,4,-1
127297,197726,4,-1
120653,41462,5,-1
34255,197733,4,-1
77821,54752,4,-1
83263,32649,3,-1
44051,56142,4,-1
122838,133411,4,-1
49740,38414,3,-1
52544,50797,3,-1
11157,188761,4,-1
85441,101860,4,-1
13333,13855,4,-1
121509,260535,3,-1
16847,9301,5,-1
56902,11362,5,-1
38617,85546,4,-1
63680,s%C3%A9rie+noire+1979,3,-1
6056,256779,3,-1
15960,15554,5,-1
49733,309503,4,-1
72157,8016,4,-1
73489,9344,2,-1
23102,77448,4,-1
33392,21039,3,-1
119659,207625,4,-1
40924,789,4,-1
73481,276843,3,-1
117000,149362,3,-1
61029,30694,4,-1
116154,30140,4,-1
61025,76493,4,-1
52552,255756,3,-1
61024,50775,4,-1
48883,8088,3,-1
86323,199196,3,-1
104159,25919,3,-1
85471,179668,4,-1
133930,41464,3,-1
73019,84318,4,-1
79,13757,2,-1
128123,22301,3,-1
98777,38870,4,-1
107204,152603,5,-1
74347,43176,4,-1
93084,60230,4,-1
64545,22688,4,-1
75675,158068,4,-1
27952,10525,4,-1
73495,22752,3,-1
73491,184,3,-1
120630,12554,4,-1
34236,866,4,-1
23592,52637,4,-1
25772,4944,4,-1
40907,120605,5,-1
54746,40044,3,-1
86313,35030,3,-1
36412,54723,3,-1
90802,82825,4,-1
45363,50225,4,-1
11134,10575,3,-1
137069,8536,2,-1
137065,3484,3,-1
92102,26428,4,-1
112602,6795,3,-1
9103,17158,2,-1
9100,41486,4,-1
129047,55465,3,-1
92585,44808,3,-1
96941,85883,3,-1
14297,27461,3,-1
129040,106970,4,-1
40109,52873,3,-1
9581,14757,4,-1
81452,40056,3,-1
33817,68143,4,-1
32969,37992,4,-1
109428,20626,3,-1
68471,126016,4,-1
132223,5236,4,-1
131373,10809,4,-1
92574,850,4,-1
93427,80314,4,-1
68009,40458,4,-1
129037,2349,4,-1
130049,99283,3,-1
92577,58257,4,-1
71652,2981,4,-1
83619,289314,4,-1
101957,31618,3,-1
57358,48110,4,-1
29798,281615,3,-1
102808,14141,3,-1
58687,31074,5,-1
39105,80849,4,-1
121548,96238,3,-1
69331,67756,2,-1
49384,40658,5,-1
32954,9749,4,-1
108567,2759,3,-1
131385,125506,4,-1
92123,43778,4,-1
133562,126376,4,-1
132235,128637,2,-1
36068,121793,4,-1
28437,163978,3,-1
59542,38646,4,-1
85829,83666,4,-1
62715,146521,4,-1
106380,20311,3,-1
84988,55135,3,-1
101923,143928,4,-1
122861,18777,3,-1
109425,300,3,-1
132242,64,3,-1
94773,827,3,-1
92117,110115,3,-1
32929,1964,4,-1
137930,24331,4,-1
44915,16303,3,-1
136606,69342,4,-1
44910,294,4,-1
60538,75315,3,-1
29771,27367,4,-1
29776,18897,3,-1
60540,41566,3,-1
31606,199341,3,-1
52925,18079,5,-1
130473,127913,3,-1
91299,140846,4,-1
111316,192393,4,-1
97836,9491,3,-1
15580,14553,4,-1
8292,11081,4,-1
79170,62878,4,-1
109472,13958,3,-1
97830,45739,3,-1
113977,25048,4,-1
26230,417285,3,-1
113980,111759,2,-1
24056,42714,3,-1
122443,42987,5,-1
81493,40423,3,-1
102830,183386,3,-1
3832,1896,3,-1
52936,48954,4,-1
2507,9377,4,-1
9157,31022,4,-1
133511,29112,3,-1
18621,665,3,-1
38693,140003,4,-1
130488,8272,4,-1
109482,47863,4,-1
41865,52639,3,-1
71691,158068,4,-1
61415,151368,3,-1
57393,242022,3,-1
2997,58877,2,-1
81008,221667,3,-1
84995,154282,3,-1
39547,36685,5,-1
50769,861,4,-1
52944,192558,3,-1
93013,9797,3,-1
38683,117251,4,-1
73886,19661,4,-1
130019,49508,5,-1
63601,42530,4,-1
110448,112198,4,-1
2524,43811,4,-1
26210,42252,4,-1
1674,241620,3,-1
28871,13385,3,-1
132681,27864,4,-1
108138,135161,3,-1
129056,18809,5,-1
131353,121357,3,-1
97849,2134,4,-1
37341,51722,5,-1
13397,600,5,-1
132209,12837,4,-1
41843,28794,3,-1
95663,76142,4,-1
63615,8834,4,-1
122896,81708,2,-1
69390,43443,3,-1
59599,34921,4,-1
81024,269518,3,-1
81020,178446,3,-1
117071,1879,3,-1
50788,cycling+with+moli%C3%A8re+2013,4,-1
66454,36331,4,-1
92744,120833,4,-1
45999,42229,3,-1
78440,25900,3,-1
122370,22404,3,-1
1697,72914,4,-1
32684,117730,3,-1
57983,182127,3,-1
134361,10560,3,-1
91404,1888,4,-1
90559,2892,5,-1
133033,92117,3,-1
64270,14639,4,-1
44654,24665,4,-1
112558,13068,4,-1
21551,8833,4,-1
133036,84772,5,-1
40298,98551,3,-1
4740,6643,5,-1
97189,14643,3,-1
44658,184352,3,-1
97185,5889,3,-1
20228,25695,3,-1
10425,64605,4,-1
30012,23518,4,-1
53153,11778,5,-1
30498,20377,4,-1
2555,398,4,-1
54005,97,4,-1
57993,587,3,-1
126710,113286,4,-1
58842,130747,4,-1
122356,49876,4,-1
78437,120972,4,-1
87384,292547,5,-1
126718,19666,3,-1
104945,260339,3,-1
58849,263065,4,-1
126717,288521,4,-1
110367,71809,4,-1
23707,50247,5,-1
108041,18612,3,-1
114722,37720,5,-1
107197,53172,3,-1
111219,41326,5,-1
30001,10835,4,-1
102737,1829,4,-1
54011,17274,3,-1
124525,130816,3,-1
77136,19993,4,-1
29006,79777,3,-1
49090,13405,4,-1
77137,122088,3,-1
78467,63951,3,-1
54498,31152,4,-1
6920,155055,3,-1
113881,172003,4,-1
101885,10948,5,-1
29481,70423,2,-1
29480,24470,2,-1
11721,43844,3,-1
19214,116352,3,-1
65153,132344,4,-1
134388,24830,3,-1
137896,746,4,-1
31322,5143,4,-1
56687,10428,3,-1
120153,14811,4,-1
821,43385,3,-1
101415,297265,4,-1
33988,34943,4,-1
71844,61048,3,-1
89131,175287,3,-1
88284,119324,4,-1
112128,56551,3,-1
135647,52359,5,-1
70997,8435,3,-1
46809,839,4,-1
1263,59892,5,-1
45956,1392,4,-1
79330,78293,4,-1
44626,17136,4,-1
55366,18979,3,-1
5619,31657,4,-1
124109,61369,3,-1
78489,86600,5,-1
54037,11826,5,-1
31792,199575,3,-1
1254,43635,3,-1
135651,11763,3,-1
70988,42200,3,-1
33977,2587,4,-1
32646,79361,4,-1
68684,18649,4,-1
80308,34921,4,-1
53194,47430,4,-1
37083,99880,4,-1
58888,13291,3,-1
76299,42611,4,-1
28142,170657,3,-1
58883,44524,5,-1
79328,225564,3,-1
89127,85876,4,-1
70516,28415,4,-1
30457,13433,4,-1
5627,35824,4,-1
31789,milk+2008,4,-1
132150,9%2F11%3A+the+twin+towers+2006,3,-1
132157,106028,3,-1
94982,9056,4,-1
90147,21707,4,-1
102780,61202,3,-1
4794,10434,3,-1
113432,21635,4,-1
77171,54075,4,-1
123242,51452,5,-1
124572,183011,4,-1
114766,11718,3,-1
54053,238397,4,-1
115615,90414,3,-1
114768,34474,3,-1
77173,14040,3,-1
80344,34308,3,-1
77177,8280,2,-1
125411,72875,2,-1
114772,41471,4,-1
6966,107946,4,-1
67360,38091,4,-1
50936,11309,2,-1
66045,11188,4,-1
39242,230846,3,-1
6982,133018,4,-1
112575,38757,5,-1
88290,17912,3,-1
94976,14748,3,-1
42891,35395,5,-1
55391,52047,3,-1
125894,19740,2,-1
80328,97610,5,-1
77163,17041,5,-1
860,16194,3,-1
125886,8463,3,-1
125402,288094,3,-1
105811,11030,4,-1
22819,59013,4,-1
7821,44947,4,-1
90128,36328,3,-1
67374,285176,3,-1
100128,2062,4,-1
66040,10909,2,-1
65195,171357,3,-1
45112,15624,4,-1
4330,12089,4,-1
20297,11907,4,-1
11340,112674,4,-1
45597,12186,4,-1
74478,45585,3,-1
26830,45698,4,-1
73145,43832,4,-1
23322,22728,4,-1
126331,159032,4,-1
72292,39463,4,-1
24658,77124,5,-1
22470,33810,4,-1
129833,75244,3,-1
128505,293,3,-1
20291,22498,2,-1
12673,4614,5,-1
38822,47883,3,-1
91804,257091,4,-1
36647,135,5,-1
52218,42473,4,-1
86461,112678,3,-1
106715,254446,3,-1
48616,85656,3,-1
25517,119698,3,-1
128981,259956,4,-1
4340,63260,4,-1
66864,36819,5,-1
45103,24525,5,-1
63355,9028,3,-1
5674,180399,4,-1
102376,41810,3,-1
62024,13532,5,-1
129832,129432,4,-1
46432,102078,3,-1
117845,58129,4,-1
26842,111390,4,-1
30091,98491,5,-1
94076,16765,3,-1
882,632,5,-1
22481,74465,3,-1
78830,214314,3,-1
76655,17993,3,-1
53558,184314,3,-1
15710,52999,3,-1
87782,41326,4,-1
137484,8014,4,-1
26815,1844,3,-1
100160,41499,4,-1
4351,256876,4,-1
4352,8214,5,-1
45574,642,3,-1
130852,21828,4,-1
113477,42714,3,-1
3023,82474,4,-1
33593,88192,3,-1
131706,75680,3,-1
25964,464,4,-1
131704,196235,3,-1
73162,42212,4,-1
37958,98355,4,-1
53563,24985,4,-1
103665,43323,5,-1
112155,82120,4,-1
42062,258253,2,-1
102336,315362,3,-1
38804,20442,3,-1
90970,53367,4,-1
45568,285594,4,-1
65554,50797,4,-1
99306,162372,3,-1
21133,184352,4,-1
8720,110790,4,-1
75356,265910,4,-1
33580,28790,3,-1
56601,10393,4,-1
127626,10288,4,-1
76674,10683,3,-1
116984,113458,4,-1
46892,18050,4,-1
56608,31781,3,-1
10486,114395,4,-1
428,68727,2,-1
104522,117467,4,-1
11335,54575,3,-1
57935,9299,4,-1
101019,42676,5,-1
46405,50006,2,-1
8733,74140,4,-1
129401,11592,3,-1
116567,77012,4,-1
22431,66091,3,-1
2197,8764,4,-1
69929,11841,4,-1
50070,184323,5,-1
12639,39968,3,-1
53103,29007,4,-1
78402,42469,3,-1
88209,26718,4,-1
80720,10612,3,-1
11782,41499,4,-1
86027,598,5,-1
89534,21710,3,-1
136580,20411,3,-1
135251,53961,4,-1
14811,41521,4,-1
128540,28770,2,-1
109800,1818,4,-1
103262,38052,4,-1
136588,56583,4,-1
7413,31083,4,-1
62069,4512,3,-1
74049,84204,3,-1
117403,70738,4,-1
69936,60014,4,-1
98478,14872,3,-1
45548,25641,5,-1
97142,42507,4,-1
68609,11881,4,-1
29079,10565,4,-1
32236,91739,4,-1
114382,4822,2,-1
37926,44069,4,-1
130806,65289,4,-1
96292,25670,4,-1
78874,12276,4,-1
33561,48775,4,-1
86499,40618,3,-1
13972,251987,3,-1
11792,44283,2,-1
54449,74523,3,-1
106766,118769,4,-1
13971,76360,4,-1
22415,45579,3,-1
67762,11439,4,-1
47714,93743,4,-1
65102,63143,4,-1
18397,42309,3,-1
18398,67441,4,-1
115698,11697,4,-1
80737,19575,4,-1
68615,100493,5,-1
118724,4180,2,-1
130816,26851,2,-1
76243,88893,2,-1
55781,31242,5,-1
13946,338,5,-1
76248,43255,4,-1
459,10397,4,-1
137454,99351,4,-1
58817,212622,4,-1
62072,faat+kin%C3%A9+2001,4,-1
137450,5919,2,-1
8761,238090,3,-1
136129,49334,4,-1
125490,249164,4,-1
138307,40149,3,-1
65111,2887,4,-1
129851,288313,3,-1
69956,24447,4,-1
67777,11110,3,-1
107600,126754,3,-1
105420,30244,3,-1
101066,121835,3,-1
7434,csny%2Fd%C3%A9j%C3%A0+vu+2008,4,-1
118714,90603,3,-1
17072,178446,4,-1
126342,59255,5,-1
24601,80215,5,-1
99342,126108,5,-1
74063,37658,4,-1
37903,31451,3,-1
115691,4997,4,-1
79741,34528,4,-1
32697,206188,3,-1
88216,113458,3,-1
7426,287524,4,-1
7427,ah%C3%AD+est%C3%A1+el+detalle+1940,4,-1
35725,27318,4,-1
97517,11416,5,-1
5262,12608,4,-1
129321,160324,5,-1
131644,25653,3,-1
6112,134375,3,-1
129324,31850,4,-1
16991,45999,4,-1
65918,44685,3,-1
118675,126749,3,-1
36124,48587,2,-1
82021,107246,2,-1
86863,246400,4,-1
7436,212778,4,-1
48584,148176,3,-1
84681,89704,3,-1
52614,480,5,-1
17844,9026,4,-1
49429,52445,3,-1
133831,11216,4,-1
109724,17481,4,-1
105367,44264,4,-1
74404,54013,3,-1
71376,4885,3,-1
96656,109435,5,-1
127137,50456,3,-1
74883,6643,5,-1
97981,15272,4,-1
25478,250769,3,-1
28507,29134,3,-1
85519,82731,4,-1
25473,31950,4,-1
116487,56655,3,-1
25472,1661,5,-1
116486,41876,4,-1
120979,41253,4,-1
109715,74460,2,-1
5284,24349,4,-1
8795,38720,4,-1
107991,72272,4,-1
74417,52367,3,-1
11281,138907,3,-1
97535,2574,3,-1
48567,70546,4,-1
96205,133823,3,-1
61585,30330,3,-1
23265,50314,4,-1
97530,17027,3,-1
99710,15383,4,-1
27622,26621,4,-1
65946,72172,4,-1
61108,37911,3,-1
36108,1585,4,-1
53961,17990,4,-1
87736,31465,3,-1
118654,9994,4,-1
36102,118381,3,-1
54813,185110,4,-1
131672,33319,4,-1
133850,29455,3,-1
61597,20532,3,-1
94493,83430,3,-1
127598,103162,4,-1
66803,74379,2,-1
97522,15259,3,-1
94013,10859,3,-1
119970,18094,2,-1
114287,14949,4,-1
34399,9614,5,-1
116466,17768,3,-1
26783,38442,3,-1
128436,265297,5,-1
44191,31678,4,-1
77926,46534,4,-1
14326,292191,3,-1
77928,48747,4,-1
14327,41380,4,-1
128036,42845,4,-1
7003,10149,4,-1
97558,14174,3,-1
106245,24251,4,-1
95375,95551,3,-1
93194,11704,5,-1
112929,144114,4,-1
35230,119324,5,-1
73100,77787,2,-1
34382,18299,3,-1
128030,15393,2,-1
51321,56831,4,-1
122729,12480,5,-1
137398,149893,3,-1
12111,68297,4,-1
85573,41210,3,-1
53986,7974,4,-1
46362,101363,3,-1
76627,42002,3,-1
11269,81512,3,-1
8343,64632,4,-1
64641,3640,4,-1
99723,176085,2,-1
62464,213864,3,-1
21076,121317,3,-1
59298,102227,4,-1
110739,40440,4,-1
109760,215924,3,-1
6160,134656,4,-1
24108,28916,4,-1
89927,73351,3,-1
121865,173580,3,-1
87748,39356,4,-1
118220,30839,3,-1
50482,1591,4,-1
86416,73588,3,-1
44173,52620,4,-1
61133,4925,2,-1
138255,219823,4,-1
86893,36133,3,-1
53518,103413,4,-1
127161,222724,5,-1
108403,70476,3,-1
98425,44546,3,-1
73126,35166,5,-1
96243,126597,3,-1
132957,42626,3,-1
66836,24858,3,-1
35693,54186,5,-1
103190,57409,4,-1
50490,32085,4,-1
86445,77670,2,-1
47670,19035,4,-1
44163,50544,4,-1
85596,122804,2,-1
37877,921,4,-1
16936,6609,3,-1
16935,40480,3,-1
45491,19666,5,-1
11249,84332,4,-1
138262,702,4,-1
55705,51010,4,-1
100910,10036,4,-1
132960,13653,3,-1
130782,289318,3,-1
129331,96239,3,-1
48516,267539,3,-1
62483,20506,3,-1
48513,240832,4,-1
46335,149586,3,-1
64667,36861,2,-1
26741,158382,4,-1
72288,43031,3,-1
95387,29885,5,-1
6180,41282,4,-1
72285,110073,3,-1
130308,91817,3,-1
1721,24810,3,-1
3904,28421,3,-1
117355,20829,3,-1
55715,1731,4,-1
37864,124058,4,-1
89941,2769,3,-1
41550,27768,5,-1
13085,42171,4,-1
91375,100975,3,-1
69448,104556,4,-1
93557,10539,3,-1
9226,126516,3,-1
57460,2002,4,-1
61960,16303,4,-1
59641,50553,4,-1
41556,43039,3,-1
113819,48463,4,-1
16590,429,3,-1
13081,30718,3,-1
112969,25598,4,-1
60626,152760,3,-1
33931,14919,3,-1
1733,8363,5,-1
77079,62321,3,-1
3916,64868,3,-1
119129,41609,4,-1
60631,46625,3,-1
85932,113214,5,-1
49036,53935,4,-1
30427,32060,4,-1
48187,61485,4,-1
48188,107828,3,-1
31757,coup+de+gr%C3%A2ce+1976,2,-1
17448,22774,3,-1
1735,39435,3,-1
123616,238407,3,-1
112955,7326,5,-1
134765,25312,3,-1
16120,11659,4,-1
21951,2779,3,-1
95725,3767,4,-1
15278,2013,4,-1
40212,123678,5,-1
58320,8985,4,-1
128062,192588,3,-1
110778,31131,2,-1
81567,134355,3,-1
119598,66720,4,-1
124934,70706,3,-1
31742,250066,3,-1
100506,155852,4,-1
62819,13813,3,-1
29435,11492,3,-1
18309,35327,4,-1
100986,108348,4,-1
124936,9837,4,-1
16572,420743,4,-1
133447,825,3,-1
132110,252143,5,-1
106263,1976,4,-1
37033,56825,3,-1
131269,82881,3,-1
71300,500,4,-1
58330,11604,3,-1
57483,118180,4,-1
120570,84473,5,-1
129381,6414,4,-1
25040,die+zw%C3%B6lf+geschworenen+1963,2,-1
62828,124834,4,-1
29880,27977,3,-1
81117,146428,3,-1
82442,37952,5,-1
24196,167,4,-1
1752,346,5,-1
24197,14636,3,-1
24198,21490,4,-1
15249,20442,4,-1
69464,6967,4,-1
97928,920,4,-1
119581,91208,4,-1
9257,232018,5,-1
70467,14849,1,-1
112932,13260,2,-1
71314,33172,2,-1
15250,75562,3,-1
16580,124639,4,-1
135631,254143,5,-1
107127,black+rain+1989,3,-1
109785,79120,4,-1
58343,111310,4,-1
77082,12407,3,-1
91384,128062,4,-1
61998,8129,4,-1
49480,111315,4,-1
84614,11178,3,-1
58344,284785,4,-1
29411,zat%C3%B4ichi+the+outlaw+1967,4,-1
101812,7972,4,-1
41990,108712,4,-1
89098,43618,3,-1
98806,26895,4,-1
131688,65134,2,-1
73980,33409,5,-1
95772,85638,4,-1
42849,416437,3,-1
93595,31048,5,-1
28539,27070,4,-1
41515,42731,4,-1
57026,51681,4,-1
60672,56191,5,-1
30867,24807,3,-1
31717,38199,4,-1
49471,164353,3,-1
68152,46705,3,-1
71338,226229,4,-1
69014,24130,3,-1
42830,12112,5,-1
16565,42678,4,-1
70485,32921,4,-1
41985,25190,5,-1
108033,72186,3,-1
107186,9564,3,-1
94430,27205,5,-1
61537,2152,3,-1
122797,162494,3,-1
36158,13637,4,-1
29873,125271,3,-1
83302,est%C3%B4mago%3A+a+gastronomic+story+2007,4,-1
101873,568,4,-1
13058,4885,4,-1
1308,108705,4,-1
101877,123320,3,-1
47281,113364,5,-1
53917,26251,4,-1
112984,93946,3,-1
13023,43338,2,-1
13020,44594,3,-1
97976,157841,4,-1
28514,245844,4,-1
27667,17275,5,-1
25007,72609,3,-1
95790,114761,3,-1
108480,49565,5,-1
9284,159152,3,-1
45091,31559,4,-1
29842,104659,3,-1
59224,81111,4,-1
86842,285,5,-1
13025,19562,4,-1
18718,9292,4,-1
15207,38140,5,-1
111645,50070,3,-1
113822,90816,3,-1
73535,79771,4,-1
132566,222649,5,-1
62400,16553,3,-1
1330,3053,5,-1
26345,968,4,-1
62886,322518,3,-1
128082,11328,3,-1
62888,83588,3,-1
58380,1433,3,-1
136928,27618,4,-1
3503,55184,3,-1
1323,10951,3,-1
59236,9791,4,-1
85986,89647,3,-1
59235,278468,4,-1
27675,81589,4,-1
60220,20411,3,-1
122779,61104,4,-1
69032,13528,3,-1
22514,11986,5,-1
43455,60025,3,-1
41279,38361,4,-1
44782,44405,4,-1
44781,230864,4,-1
69606,23997,4,-1
54590,2800,4,-1
22512,2899,4,-1
46968,12259,3,-1
30145,212756,4,-1
34987,37900,5,-1
1336,29124,5,-1
35831,4787,3,-1
125757,61121,2,-1
127933,5165,4,-1
77238,127884,4,-1
127930,32451,4,-1
80400,9691,3,-1
55449,60629,4,-1
88366,11778,4,-1
101789,96010,4,-1
111104,20637,4,-1
80867,68174,4,-1
99001,246741,5,-1
101319,57816,3,-1
55451,15554,3,-1
125743,21244,4,-1
121388,17431,3,-1
101795,80572,4,-1
88358,29244,4,-1
104826,10529,4,-1
11873,80346,3,-1
10542,227700,3,-1
56308,11220,3,-1
20797,121828,3,-1
19325,11896,4,-1
68772,55475,4,-1
65268,13898,3,-1
46940,165904,3,-1
20798,2270,5,-1
55465,30123,4,-1
75061,32092,4,-1
98184,76758,5,-1
123557,142897,4,-1
102618,38437,4,-1
2204,41348,5,-1
3534,5334,4,-1
123552,154821,4,-1
10519,20882,3,-1
101763,248688,3,-1
35817,55792,4,-1
10991,52032,3,-1
5713,222724,4,-1
68770,28955,3,-1
93729,118446,3,-1
71954,21575,5,-1
89220,11841,4,-1
69632,30432,5,-1
112899,20858,5,-1
68783,10822,3,-1
135597,23761,3,-1
60813,47194,4,-1
28287,161806,4,-1
103958,29007,4,-1
120038,11013,2,-1
76398,25633,4,-1
1366,63709,3,-1
2212,23790,4,-1
122212,37373,4,-1
80895,60623,4,-1
100441,5845,3,-1
103950,273334,4,-1
89226,54825,5,-1
33625,174366,4,-1
19786,23676,3,-1
66134,18888,4,-1
14097,48864,5,-1
17124,79361,3,-1
70632,184352,4,-1
17125,1619,4,-1
14094,84050,3,-1
19781,31530,3,-1
116843,85677,2,-1
126652,46240,5,-1
46927,55257,4,-1
68319,81116,5,-1
58992,32099,4,-1
137707,23703,4,-1
42569,11878,4,-1
14091,16869,5,-1
4408,40081,3,-1
2229,46105,3,-1
30102,67,4,-1
72809,11561,3,-1
72807,57243,4,-1
29580,262958,4,-1
4407,9912,4,-1
113327,180,4,-1
134206,43750,3,-1
95923,128,4,-1
43401,234200,4,-1
91561,caf%C3%A9+de+flore+2011,4,-1
132029,64682,3,-1
112477,1542,3,-1
134202,335,4,-1
67479,88930,3,-1
2242,45945,4,-1
20308,68340,4,-1
127971,14654,4,-1
56341,47643,4,-1
39381,4191,4,-1
43406,218233,4,-1
82612,72445,4,-1
78111,1358,4,-1
55012,cr%C3%ADa+cuervos+1975,5,-1
81766,18770,4,-1
123124,111969,4,-1
114660,26884,3,-1
101355,27517,4,-1
112483,11431,3,-1
87068,28438,2,-1
103539,50329,4,-1
4418,29854,4,-1
17102,265010,4,-1
96802,10322,4,-1
102660,59990,3,-1
91114,2000,3,-1
134698,120122,5,-1
112464,44898,3,-1
109298,2457,4,-1
103507,40794,3,-1
123119,24010,4,-1
54175,1891,5,-1
27388,46773,4,-1
28236,11101,4,-1
81790,23550,4,-1
92438,192149,3,-1
5757,93222,5,-1
89278,258751,2,-1
57209,67880,3,-1
26050,11296,4,-1
30569,25698,5,-1
128806,37230,4,-1
38034,47120,4,-1
22948,535,3,-1
100494,10784,5,-1
19772,23535,3,-1
51909,1660,4,-1
93765,3933,5,-1
102672,38602,4,-1
41689,101740,4,-1
40356,29617,4,-1
54189,98864,4,-1
980,47559,3,-1
60864,28100,3,-1
55038,71508,3,-1
127942,26670,3,-1
103995,875,4,-1
111132,321,3,-1
6613,242675,5,-1
133381,124626,3,-1
25629,202043,5,-1
128872,20417,3,-1
74599,168426,3,-1
3123,145504,4,-1
62136,5915,4,-1
117733,37347,4,-1
97234,27094,2,-1
126695,57695,4,-1
114226,11978,4,-1
95052,209282,4,-1
12318,18417,3,-1
34106,9087,3,-1
22590,52013,5,-1
77632,1879,4,-1
79812,15184,4,-1
34585,784,4,-1
126203,84319,3,-1
86103,287821,1,-1
120902,3,5,-1
78966,75950,4,-1
78969,%C3%A6on+flux+2005,3,-1
137355,84177,3,-1
8804,83228,4,-1
135179,16939,3,-1
96379,16031,5,-1
44374,25624,3,-1
97227,1073,4,-1
33241,33481,5,-1
24304,37786,4,-1
22126,687,4,-1
105756,36657,3,-1
528,8741,3,-1
79804,220289,4,-1
129705,29785,5,-1
7501,184781,4,-1
62156,123360,4,-1
67848,247695,3,-1
25600,32859,4,-1
3143,245859,5,-1
26932,109451,2,-1
95070,44164,3,-1
50175,56085,3,-1
127514,30192,4,-1
78504,42165,4,-1
77658,595,3,-1
89632,64876,4,-1
63480,27012,4,-1
87451,112198,4,-1
112018,1482,3,-1
63012,5991,5,-1
67853,11293,5,-1
98571,14720,3,-1
115528,80973,3,-1
115529,127372,4,-1
76792,293310,5,-1
34556,183171,4,-1
127505,19968,4,-1
3147,273621,3,-1
30198,26701,3,-1
15810,18030,4,-1
13631,15152,4,-1
86596,33226,4,-1
15814,27205,4,-1
88772,46334,4,-1
24737,8340,5,-1
45677,145220,4,-1
43015,127872,3,-1
47854,642,3,-1
7520,32558,4,-1
92822,13723,3,-1
137305,29937,3,-1
64358,54546,5,-1
127586,10974,4,-1
26913,136735,3,-1
68719,48463,3,-1
116450,140003,4,-1
14935,21030,2,-1
29187,77776,4,-1
38909,6715,3,-1
114278,133328,4,-1
10572,126922,4,-1
129756,11502,4,-1
104458,9415,4,-1
112098,42722,3,-1
8844,83849,4,-1
58916,35651,4,-1
106639,55418,3,-1
120945,10052,4,-1
55408,43135,3,-1
46514,42337,4,-1
20389,378,4,-1
68724,20927,3,-1
42152,47208,3,-1
136469,42731,3,-1
124067,22536,3,-1
3177,10006,3,-1
116438,8071,3,-1
18064,5925,4,-1
21239,15807,4,-1
76331,21156,4,-1
118622,31527,3,-1
3169,116333,3,-1
53234,30123,3,-1
115598,79008,2,-1
20380,55663,4,-1
11431,12400,4,-1
120932,25434,4,-1
56747,252143,4,-1
11436,40634,5,-1
87493,25504,5,-1
106622,4464,4,-1
135147,35177,5,-1
75026,27460,3,-1
46505,75785,3,-1
36704,200462,4,-1
31498,27045,4,-1
29165,37481,3,-1
33673,62382,4,-1
51067,118013,4,-1
79875,46563,3,-1
125379,1362,4,-1
92836,20332,4,-1
55427,14938,3,-1
5371,74711,4,-1
90653,1282,5,-1
67899,57976,4,-1
116414,87235,4,-1
75037,29424,4,-1
75036,74840,3,-1
75035,19058,3,-1
44317,132392,3,-1
74184,156284,3,-1
22546,23928,3,-1
81700,52473,4,-1
30154,4706,2,-1
14928,40683,3,-1
10561,24653,4,-1
9727,14441,4,-1
112066,1285,3,-1
113397,11240,2,-1
135167,30298,5,-1
113394,1786,3,-1
136491,71754,3,-1
29173,85872,4,-1
11413,56156,4,-1
136493,30910,3,-1
10094,45713,4,-1
129688,44864,4,-1
94129,6916,5,-1
59363,41592,3,-1
131525,12812,3,-1
59365,100257,4,-1
8890,29173,4,-1
87838,35831,4,-1
64707,1523,5,-1
82146,29584,3,-1
138169,114875,4,-1
37576,101449,4,-1
106559,2447,3,-1
99807,628,3,-1
106572,28894,3,-1
6242,1387,3,-1
70167,10105,4,-1
8424,27263,3,-1
12285,93188,2,-1
94591,202941,3,-1
70161,12,4,-1
103061,14839,4,-1
131539,24170,4,-1
114183,34714,4,-1
22082,10434,4,-1
84318,16716,3,-1
42906,90908,4,-1
52741,25649,3,-1
38412,32855,3,-1
87820,29907,4,-1
38897,55257,4,-1
38898,1282,3,-1
39746,19688,4,-1
37569,2117,4,-1
120854,870,4,-1
30931,16095,5,-1
17977,29353,3,-1
96329,94623,3,-1
102182,38318,3,-1
108722,21040,3,-1
98503,34560,3,-1
131544,45221,4,-1
105698,19666,4,-1
74535,27072,4,-1
13581,185292,4,-1
48202,241432,4,-1
73686,22302,3,-1
127003,13492,4,-1
26413,43687,4,-1
66916,66092,3,-1
93295,53092,3,-1
117684,851,4,-1
58059,25518,4,-1
24231,167928,3,-1
53602,137698,4,-1
83494,37563,4,-1
76724,131997,3,-1
13102,20874,3,-1
106535,113214,3,-1
51424,47184,4,-1
45170,71072,3,-1
102193,22256,5,-1
107882,31812,4,-1
99829,9261,4,-1
74549,25004,3,-1
106550,38516,4,-1
17951,43349,4,-1
7595,18573,4,-1
96313,26245,3,-1
46497,129966,3,-1
24247,49729,3,-1
34030,63951,5,-1
66926,11062,4,-1
86515,97365,4,-1
82157,91018,5,-1
120837,24740,4,-1
60384,11686,3,-1
8438,37736,3,-1
108724,38636,4,-1
120833,10635,4,-1
9301,28238,5,-1
47334,184020,3,-1
138117,71370,3,-1
36200,850,5,-1
34021,214100,3,-1
119438,193756,4,-1
4091,9050,4,-1
6272,924,4,-1
99850,380,4,-1
24692,4704,3,-1
35357,18032,4,-1
22030,83801,5,-1
87879,14534,3,-1
50596,37437,5,-1
83038,31216,5,-1
50598,moolaad%C3%A9+2004,4,-1
86544,30055,5,-1
85210,306963,4,-1
51447,113947,4,-1
82187,74097,4,-1
83030,32237,3,-1
94159,80988,4,-1
49505,43430,4,-1
46479,99608,3,-1
9794,26963,4,-1
62582,45706,4,-1
38851,140420,4,-1
62102,75350,3,-1
108791,1912,4,-1
131976,133694,2,-1
25555,23286,4,-1
26889,92352,3,-1
127053,10754,5,-1
34018,7511,4,-1
84357,79016,5,-1
50120,279784,4,-1
100829,156713,4,-1
85685,47007,4,-1
53639,57210,3,-1
126193,125582,3,-1
108766,62130,4,-1
106582,9459,5,-1
66953,90980,4,-1
138138,360380,2,-1
47796,28871,5,-1
131988,24986,4,-1
62115,173185,3,-1
97214,13519,4,-1
111937,72875,4,-1
22016,62692,5,-1
96361,140276,4,-1
72392,1368,4,-1
96363,71114,3,-1
118573,89670,3,-1
121732,52355,3,-1
22491,5155,4,-1
87415,2270,2,-1
53641,77922,3,-1
88744,38621,4,-1
78944,2769,5,-1
44285,66538,4,-1
10034,222724,4,-1
86564,n%C3%B6madak+tx+2006,4,-1
108759,37903,4,-1
85230,9631,4,-1
106594,22805,4,-1
45129,9688,3,-1
109624,61904,4,-1
103086,140783,4,-1
42097,149515,4,-1
66964,46976,3,-1
106598,48329,3,-1
11373,11299,4,-1
130668,99324,4,-1
97202,85505,3,-1
118559,83226,4,-1
87887,22857,3,-1
117237,148857,4,-1
118566,24189,4,-1
77601,38655,3,-1
44273,124581,4,-1
14400,20859,3,-1
10048,307946,4,-1
13559,42124,4,-1
15735,1563,5,-1
12227,67885,2,-1
112845,17897,4,-1
135964,154,4,-1
130276,73191,3,-1
9342,50271,4,-1
17566,116385,3,-1
39352,32847,4,-1
57582,32622,2,-1
56253,this+ain%E2%80%99t+california+2012,4,-1
84716,190906,4,-1
91010,47477,4,-1
42524,8982,4,-1
111515,18183,3,-1
106160,25205,3,-1
57589,45211,4,-1
27362,211017,3,-1
62926,37165,3,-1
84725,31560,4,-1
122640,229526,4,-1
101709,214083,4,-1
121794,179150,3,-1
32727,43599,3,-1
82540,1480,4,-1
120469,38020,4,-1
10930,8764,4,-1
106177,242042,5,-1
94994,50837,4,-1
8023,109491,4,-1
14062,41059,4,-1
38496,164372,5,-1
7172,155459,4,-1
92330,56162,3,-1
79361,nine+1%2F2+weeks+1986,3,-1
20744,279414,2,-1
121302,25673,3,-1
58449,14108,5,-1
83862,54986,3,-1
56266,84001,3,-1
121783,9514,4,-1
39348,85574,4,-1
100863,74286,3,-1
80351,99339,4,-1
66064,43469,4,-1
50964,40594,4,-1
89166,68545,2,-1
17543,54148,4,-1
8033,13589,5,-1
110640,70793,4,-1
94549,26422,3,-1
63800,86225,3,-1
105293,3001,4,-1
42988,5925,5,-1
20710,74534,4,-1
27341,21948,4,-1
123953,4824,3,-1
30520,43775,2,-1
83410,52429,2,-1
20708,209350,4,-1
10915,59912,3,-1
14036,40716,3,-1
69100,64973,3,-1
18879,128682,3,-1
19725,48254,4,-1
36291,128846,4,-1
18401,36266,4,-1
131154,57337,4,-1
131153,28938,2,-1
18886,18620,3,-1
37143,13529,4,-1
135993,42449,4,-1
135512,1405,3,-1
18881,43516,4,-1
43825,124834,4,-1
26027,37084,4,-1
72760,56113,4,-1
112817,195651,4,-1
84728,248888,3,-1
79383,612,4,-1
58460,15661,3,-1
28208,22970,3,-1
4914,15740,3,-1
83403,76996,4,-1
62959,13377,4,-1
63807,184781,5,-1
30510,56224,3,-1
78058,84190,3,-1
31846,76642,4,-1
18408,9768,4,-1
82551,42997,3,-1
31843,399229,4,-1
80370,49565,4,-1
96746,4929,4,-1
112889,30801,2,-1
36280,72479,3,-1
109239,68981,3,-1
8055,76127,4,-1
96743,20416,3,-1
132411,183871,4,-1
94563,136459,4,-1
86938,1955,4,-1
110229,16672,4,-1
123535,125680,4,-1
84766,20424,4,-1
29982,31506,3,-1
48264,smoking+%2F+no+smoking+1993,5,-1
100413,6077,4,-1
119041,148033,4,-1
8068,73872,4,-1
115906,27342,4,-1
112876,20108,4,-1
69135,45129,5,-1
72787,79896,3,-1
72303,31587,4,-1
25158,245916,5,-1
36274,36047,3,-1
94552,379689,4,-1
84749,84318,5,-1
29517,159137,3,-1
2756,13815,3,-1
82576,133558,4,-1
46078,93114,3,-1
49585,881,4,-1
48254,130055,3,-1
69134,34921,4,-1
34080,106515,3,-1
112865,11626,5,-1
12295,155288,3,-1
31807,s%C3%BCperseks+2004,3,-1
75823,43105,2,-1
14474,59239,5,-1
61661,199661,5,-1
63841,9777,3,-1
72791,9520,3,-1
27308,13020,3,-1
58490,148243,4,-1
109690,549,4,-1
3614,81244,5,-1
120489,42203,4,-1
101727,28333,4,-1
1433,17612,3,-1
28631,2109,4,-1
18836,20803,4,-1
3618,156015,4,-1
51869,183433,4,-1
18841,60243,4,-1
97606,25360,2,-1
16664,134756,3,-1
112850,9325,3,-1
47388,14750,4,-1
39764,52639,4,-1
73650,127257,4,-1
120482,681,4,-1
61677,37810,3,-1
129294,24774,4,-1
5806,18644,4,-1
101737,15774,4,-1
85628,134372,3,-1
87800,87683,4,-1
123509,8743,3,-1
15334,1024,4,-1
38438,125709,3,-1
30953,510,4,-1
